id,word,difficulty_category,createdAt,updatedAt
1,sun,1,"2020-07-26 02:43:17","2020-07-26 02:43:17"
2,unicorn,1,"2020-07-26 02:43:24","2020-07-26 02:43:24"
3,parent,1,"2020-07-26 02:43:40","2020-07-26 02:43:40"
4,guest,3,"2020-07-26 02:44:22","2020-07-26 02:44:22"
6,whale,2,"2020-07-26 02:44:38","2020-07-26 02:44:38"
7,Swing,1,"2020-07-26 04:43:17","2020-07-26 04:43:17"
8,Coat,1,"2020-07-26 04:43:17","2020-07-26 04:43:17"
9,Shoe,1,"2020-07-26 04:43:17","2020-07-26 04:43:17"
10,Ocean,1,"2020-07-26 04:43:17","2020-07-26 04:43:17"
11,Dog,1,"2020-07-26 04:43:17","2020-07-26 04:43:17"
12,Mouth,1,"2020-07-26 04:43:17","2020-07-26 04:43:17"
13,Milk,1,"2020-07-26 04:43:17","2020-07-26 04:43:17"
14,Duck,1,"2020-07-26 04:43:17","2020-07-26 04:43:17"
15,Skateboard,1,"2020-07-26 04:43:17","2020-07-26 04:43:17"
16,Bird,1,"2020-07-26 04:43:17","2020-07-26 04:43:17"
17,Mouse,1,"2020-07-26 04:43:17","2020-07-26 04:43:17"
18,Whale,1,"2020-07-26 04:43:17","2020-07-26 04:43:17"
19,Jacket,1,"2020-07-26 04:43:17","2020-07-26 04:43:17"
20,Shirt,1,"2020-07-26 04:43:17","2020-07-26 04:43:17"
21,Hippo,1,"2020-07-26 04:43:17","2020-07-26 04:43:17"
22,Beach,1,"2020-07-26 04:43:17","2020-07-26 04:43:17"
23,Egg,1,"2020-07-26 04:43:17","2020-07-26 04:43:17"
24,Cookie,1,"2020-07-26 04:43:17","2020-07-26 04:43:17"
25,Cheese,1,"2020-07-26 04:43:17","2020-07-26 04:43:17"
26,Skip,1,"2020-07-26 04:43:17","2020-07-26 04:43:17"
27,Drum,1,"2020-07-26 04:43:17","2020-07-26 04:43:17"
28,homework,1,"2020-07-26 04:43:17","2020-07-26 04:43:17"
29,glue,1,"2020-07-26 04:43:17","2020-07-26 04:43:17"
30,eraser,1,"2020-07-26 04:43:17","2020-07-26 04:43:17"
31,peace,1,"2020-07-26 04:43:17","2020-07-26 04:43:17"
32,panic,1,"2020-07-26 04:43:17","2020-07-26 04:43:17"
33,alarm,1,"2020-07-26 04:43:17","2020-07-26 04:43:17"
34,far,1,"2020-07-26 04:43:17","2020-07-26 04:43:17"
35,comfy,1,"2020-07-26 04:43:17","2020-07-26 04:43:17"
36,dripping,1,"2020-07-26 04:43:17","2020-07-26 04:43:17"
37,boring,1,"2020-07-26 04:43:17","2020-07-26 04:43:17"
38,hot,1,"2020-07-26 04:43:17","2020-07-26 04:43:17"
39,cold,1,"2020-07-26 04:43:17","2020-07-26 04:43:17"
40,parents,1,"2020-07-26 04:43:17","2020-07-26 04:43:17"
41,closet,1,"2020-07-26 04:43:17","2020-07-26 04:43:17"
42,laugh,1,"2020-07-26 04:43:17","2020-07-26 04:43:17"
43,falling,1,"2020-07-26 04:43:17","2020-07-26 04:43:17"
44,sleepover,1,"2020-07-26 04:43:17","2020-07-26 04:43:17"
45,calendar,1,"2020-07-26 04:43:17","2020-07-26 04:43:17"
46,sunscreen,1,"2020-07-26 04:43:17","2020-07-26 04:43:17"
47,panda,1,"2020-07-26 04:43:17","2020-07-26 04:43:17"
48,detention,1,"2020-07-26 04:43:17","2020-07-26 04:43:17"
49,hair,1,"2020-07-26 04:43:17","2020-07-26 04:43:17"
50,"ice skating",1,"2020-07-26 04:43:17","2020-07-26 04:43:17"
51,afraid,1,"2020-07-26 04:43:17","2020-07-26 04:43:17"
52,dictionary,1,"2020-07-26 04:43:17","2020-07-26 04:43:17"
53,homerun,1,"2020-07-26 04:43:17","2020-07-26 04:43:17"
54,beer,1,"2020-07-26 04:43:17","2020-07-26 04:43:17"
55,hibernation,1,"2020-07-26 04:43:17","2020-07-26 04:43:17"
56,"street sweeper",1,"2020-07-26 04:43:17","2020-07-26 04:43:17"
57,spitball,1,"2020-07-26 04:43:17","2020-07-26 04:43:17"
58,"drinking fountain",1,"2020-07-26 04:43:17","2020-07-26 04:43:17"
59,imagination,1,"2020-07-26 04:43:17","2020-07-26 04:43:17"
60,Angry,1,"2020-07-26 04:43:17","2020-07-26 04:43:17"
61,Fireworks,1,"2020-07-26 04:43:17","2020-07-26 04:43:17"
62,Pumpkin,1,"2020-07-26 04:43:17","2020-07-26 04:43:17"
63,Baby,1,"2020-07-26 04:43:17","2020-07-26 04:43:17"
64,Flower,1,"2020-07-26 04:43:17","2020-07-26 04:43:17"
65,Rainbow,1,"2020-07-26 04:43:17","2020-07-26 04:43:17"
66,Beard,1,"2020-07-26 04:43:17","2020-07-26 04:43:17"
67,"Flying saucer",1,"2020-07-26 04:43:17","2020-07-26 04:43:17"
68,Recycle,1,"2020-07-26 04:43:17","2020-07-26 04:43:17"
69,Bible,1,"2020-07-26 04:43:17","2020-07-26 04:43:17"
70,Giraffe,1,"2020-07-26 04:43:17","2020-07-26 04:43:17"
71,Bikini,1,"2020-07-26 04:43:17","2020-07-26 04:43:17"
72,Glasses,1,"2020-07-26 04:43:17","2020-07-26 04:43:17"
73,Snowflake,1,"2020-07-26 04:43:17","2020-07-26 04:43:17"
74,Book,1,"2020-07-26 04:43:17","2020-07-26 04:43:17"
75,Stairs,1,"2020-07-26 04:43:17","2020-07-26 04:43:17"
76,Bucket,1,"2020-07-26 04:43:17","2020-07-26 04:43:17"
77,"Ice cream",1,"2020-07-26 04:43:17","2020-07-26 04:43:17"
78,Starfish,1,"2020-07-26 04:43:17","2020-07-26 04:43:17"
79,bee,1,"2020-07-26 04:43:17","2020-07-26 04:43:17"
80,Igloo,1,"2020-07-26 04:43:17","2020-07-26 04:43:17"
81,Strawberry,1,"2020-07-26 04:43:17","2020-07-26 04:43:17"
82,Butterfly,1,"2020-07-26 04:43:17","2020-07-26 04:43:17"
83,"lady bug",1,"2020-07-26 04:43:17","2020-07-26 04:43:17"
84,Sun,1,"2020-07-26 04:43:17","2020-07-26 04:43:17"
85,Camera,1,"2020-07-26 04:43:17","2020-07-26 04:43:17"
86,Lamp,1,"2020-07-26 04:43:17","2020-07-26 04:43:17"
87,Tire,1,"2020-07-26 04:43:17","2020-07-26 04:43:17"
88,Cat,1,"2020-07-26 04:43:17","2020-07-26 04:43:17"
89,Lion,1,"2020-07-26 04:43:17","2020-07-26 04:43:17"
90,Toast,1,"2020-07-26 04:43:17","2020-07-26 04:43:17"
91,Church,1,"2020-07-26 04:43:17","2020-07-26 04:43:17"
92,Mailbox,1,"2020-07-26 04:43:17","2020-07-26 04:43:17"
93,Toothbrush,1,"2020-07-26 04:43:17","2020-07-26 04:43:17"
94,Crayon,1,"2020-07-26 04:43:17","2020-07-26 04:43:17"
95,Night,1,"2020-07-26 04:43:17","2020-07-26 04:43:17"
96,Toothpaste,1,"2020-07-26 04:43:17","2020-07-26 04:43:17"
97,Dolphin,1,"2020-07-26 04:43:17","2020-07-26 04:43:17"
98,Nose,1,"2020-07-26 04:43:17","2020-07-26 04:43:17"
99,Truck,1,"2020-07-26 04:43:17","2020-07-26 04:43:17"
100,Olympics,1,"2020-07-26 04:43:17","2020-07-26 04:43:17"
101,Volleyball,1,"2020-07-26 04:43:17","2020-07-26 04:43:17"
102,"Eiffel Tower",1,"2020-07-26 04:43:17","2020-07-26 04:43:17"
103,Peanut,1,"2020-07-26 04:43:17","2020-07-26 04:43:17"
104,half,1,"2020-07-26 04:43:17","2020-07-26 04:43:17"
105,oar,1,"2020-07-26 04:43:17","2020-07-26 04:43:17"
106,baby-sitter,1,"2020-07-26 04:43:17","2020-07-26 04:43:17"
107,drip,1,"2020-07-26 04:43:17","2020-07-26 04:43:17"
108,shampoo,1,"2020-07-26 04:43:17","2020-07-26 04:43:17"
109,point,1,"2020-07-26 04:43:17","2020-07-26 04:43:17"
110,"time machine",1,"2020-07-26 04:43:17","2020-07-26 04:43:17"
111,yardstick,1,"2020-07-26 04:43:17","2020-07-26 04:43:17"
112,think,1,"2020-07-26 04:43:17","2020-07-26 04:43:17"
113,lace,1,"2020-07-26 04:43:17","2020-07-26 04:43:17"
114,world,1,"2020-07-26 04:43:17","2020-07-26 04:43:17"
115,avocado,1,"2020-07-26 04:43:17","2020-07-26 04:43:17"
116,shower,1,"2020-07-26 04:43:17","2020-07-26 04:43:17"
117,curtain,1,"2020-07-26 04:43:17","2020-07-26 04:43:17"
118,"extension cord",1,"2020-07-26 04:43:17","2020-07-26 04:43:17"
119,birthday,1,"2020-07-26 04:43:17","2020-07-26 04:43:17"
120,sandbox,1,"2020-07-26 04:43:17","2020-07-26 04:43:17"
121,bruise,1,"2020-07-26 04:43:17","2020-07-26 04:43:17"
122,quicksand,1,"2020-07-26 04:43:17","2020-07-26 04:43:17"
123,fog,1,"2020-07-26 04:43:17","2020-07-26 04:43:17"
124,gasoline,1,"2020-07-26 04:43:17","2020-07-26 04:43:17"
125,pocket,1,"2020-07-26 04:43:17","2020-07-26 04:43:17"
126,honk,1,"2020-07-26 04:43:17","2020-07-26 04:43:17"
127,sponge,1,"2020-07-26 04:43:17","2020-07-26 04:43:17"
128,rim,1,"2020-07-26 04:43:17","2020-07-26 04:43:17"
129,bride,1,"2020-07-26 04:43:17","2020-07-26 04:43:17"
130,wig,1,"2020-07-26 04:43:17","2020-07-26 04:43:17"
131,zipper,1,"2020-07-26 04:43:17","2020-07-26 04:43:17"
132,wag,1,"2020-07-26 04:43:17","2020-07-26 04:43:17"
133,fiddle,1,"2020-07-26 04:43:17","2020-07-26 04:43:17"
134,pilot,1,"2020-07-26 04:43:17","2020-07-26 04:43:17"
135,baguette,1,"2020-07-26 04:43:17","2020-07-26 04:43:17"
136,rib,1,"2020-07-26 04:43:17","2020-07-26 04:43:17"
137,fireman,1,"2020-07-26 04:43:17","2020-07-26 04:43:17"
138,zoo,1,"2020-07-26 04:43:17","2020-07-26 04:43:17"
139,sushi,1,"2020-07-26 04:43:17","2020-07-26 04:43:17"
140,season,1,"2020-07-26 04:43:17","2020-07-26 04:43:17"
141,Internet,1,"2020-07-26 04:43:17","2020-07-26 04:43:17"
142,chess,1,"2020-07-26 04:43:17","2020-07-26 04:43:17"
143,puppet,1,"2020-07-26 04:43:17","2020-07-26 04:43:17"
144,chime,1,"2020-07-26 04:43:17","2020-07-26 04:43:17"
145,ivy,1,"2020-07-26 04:43:17","2020-07-26 04:43:17"
146,applause,1,"2020-07-26 04:43:17","2020-07-26 04:43:17"
147,application,1,"2020-07-26 04:43:17","2020-07-26 04:43:17"
148,avocato,1,"2020-07-26 04:43:17","2020-07-26 04:43:17"
149,award,1,"2020-07-26 04:43:17","2020-07-26 04:43:17"
150,badge,1,"2020-07-26 04:43:17","2020-07-26 04:43:17"
151,baggage,1,"2020-07-26 04:43:17","2020-07-26 04:43:17"
152,baker,1,"2020-07-26 04:43:17","2020-07-26 04:43:17"
153,barber,1,"2020-07-26 04:43:17","2020-07-26 04:43:17"
154,bargain,1,"2020-07-26 04:43:17","2020-07-26 04:43:17"
155,basket,1,"2020-07-26 04:43:17","2020-07-26 04:43:17"
156,bedbug,1,"2020-07-26 04:43:17","2020-07-26 04:43:17"
157,bettle,1,"2020-07-26 04:43:17","2020-07-26 04:43:17"
158,beggar,1,"2020-07-26 04:43:17","2020-07-26 04:43:17"
159,biscuit,1,"2020-07-26 04:43:17","2020-07-26 04:43:17"
160,bleach,1,"2020-07-26 04:43:17","2020-07-26 04:43:17"
161,blinds,1,"2020-07-26 04:43:17","2020-07-26 04:43:17"
162,bobsled,1,"2020-07-26 04:43:17","2020-07-26 04:43:17"
163,Bonnet,1,"2020-07-26 04:43:17","2020-07-26 04:43:17"
164,bookend,1,"2020-07-26 04:43:17","2020-07-26 04:43:17"
165,boundary,1,"2020-07-26 04:43:17","2020-07-26 04:43:17"
166,brain,1,"2020-07-26 04:43:17","2020-07-26 04:43:17"
167,bubble,1,"2020-07-26 04:43:17","2020-07-26 04:43:17"
168,Kitten,1,"2020-07-26 04:43:17","2020-07-26 04:43:17"
169,Playground,1,"2020-07-26 04:43:17","2020-07-26 04:43:17"
170,"Bubble bath",1,"2020-07-26 04:43:17","2020-07-26 04:43:17"
171,Kiwi,1,"2020-07-26 04:43:17","2020-07-26 04:43:17"
172,Buckle,1,"2020-07-26 04:43:17","2020-07-26 04:43:17"
173,Lipstick,1,"2020-07-26 04:43:17","2020-07-26 04:43:17"
174,Raindrop,1,"2020-07-26 04:43:17","2020-07-26 04:43:17"
175,Bus,1,"2020-07-26 04:43:17","2020-07-26 04:43:17"
176,Lobster,1,"2020-07-26 04:43:17","2020-07-26 04:43:17"
177,Robot,1,"2020-07-26 04:43:17","2020-07-26 04:43:17"
178,Lollipop,1,"2020-07-26 04:43:17","2020-07-26 04:43:17"
179,"Sand castle",1,"2020-07-26 04:43:17","2020-07-26 04:43:17"
180,Castle,1,"2020-07-26 04:43:17","2020-07-26 04:43:17"
181,Magnet,1,"2020-07-26 04:43:17","2020-07-26 04:43:17"
182,Slipper,1,"2020-07-26 04:43:17","2020-07-26 04:43:17"
183,"Chain saw",1,"2020-07-26 04:43:17","2020-07-26 04:43:17"
184,Megaphone,1,"2020-07-26 04:43:17","2020-07-26 04:43:17"
185,Snowball,1,"2020-07-26 04:43:17","2020-07-26 04:43:17"
186,Circus,1,"2020-07-26 04:43:17","2020-07-26 04:43:17"
187,Mermaid,1,"2020-07-26 04:43:17","2020-07-26 04:43:17"
188,Sprinkler,1,"2020-07-26 04:43:17","2020-07-26 04:43:17"
189,Computer,1,"2020-07-26 04:43:17","2020-07-26 04:43:17"
190,Minivan,1,"2020-07-26 04:43:17","2020-07-26 04:43:17"
191,"Statue of liberty",1,"2020-07-26 04:43:17","2020-07-26 04:43:17"
192,Crib,1,"2020-07-26 04:43:17","2020-07-26 04:43:17"
193,"Mount rushmore",1,"2020-07-26 04:43:17","2020-07-26 04:43:17"
194,Tadpole,1,"2020-07-26 04:43:17","2020-07-26 04:43:17"
195,Dragon,1,"2020-07-26 04:43:17","2020-07-26 04:43:17"
196,Music,1,"2020-07-26 04:43:17","2020-07-26 04:43:17"
197,Teepee,1,"2020-07-26 04:43:17","2020-07-26 04:43:17"
198,Dumbbell,1,"2020-07-26 04:43:17","2020-07-26 04:43:17"
199,Telescope,1,"2020-07-26 04:43:17","2020-07-26 04:43:17"
200,Eel,1,"2020-07-26 04:43:17","2020-07-26 04:43:17"
201,Nurse,1,"2020-07-26 04:43:17","2020-07-26 04:43:17"
202,Train,1,"2020-07-26 04:43:17","2020-07-26 04:43:17"
203,"Ferris wheel",1,"2020-07-26 04:43:17","2020-07-26 04:43:17"
204,Owl,1,"2020-07-26 04:43:17","2020-07-26 04:43:17"
205,Tricycle,1,"2020-07-26 04:43:17","2020-07-26 04:43:17"
206,Flag,1,"2020-07-26 04:43:17","2020-07-26 04:43:17"
207,Pacifier,1,"2020-07-26 04:43:17","2020-07-26 04:43:17"
208,Tutu,1,"2020-07-26 04:43:17","2020-07-26 04:43:17"
209,Piano,1,"2020-07-26 04:43:17","2020-07-26 04:43:17"
210,Garbage,1,"2020-07-26 04:43:17","2020-07-26 04:43:17"
211,Park,1,"2020-07-26 04:43:17","2020-07-26 04:43:17"
212,Pirate,1,"2020-07-26 04:43:17","2020-07-26 04:43:17"
213,Ski,1,"2020-07-26 04:43:17","2020-07-26 04:43:17"
214,Whistle,1,"2020-07-26 04:43:17","2020-07-26 04:43:17"
215,State,1,"2020-07-26 04:43:17","2020-07-26 04:43:17"
216,Baseball,1,"2020-07-26 04:43:17","2020-07-26 04:43:17"
217,Coal,1,"2020-07-26 04:43:17","2020-07-26 04:43:17"
218,Queen,1,"2020-07-26 04:43:17","2020-07-26 04:43:17"
219,Photograph,1,"2020-07-26 04:43:17","2020-07-26 04:43:17"
220,Hockey,1,"2020-07-26 04:43:17","2020-07-26 04:43:17"
221,"Hot dog",1,"2020-07-26 04:43:17","2020-07-26 04:43:17"
222,iPad,1,"2020-07-26 04:43:17","2020-07-26 04:43:17"
223,Frog,1,"2020-07-26 04:43:17","2020-07-26 04:43:17"
224,Lawnmower,1,"2020-07-26 04:43:17","2020-07-26 04:43:17"
225,Mattress,1,"2020-07-26 04:43:17","2020-07-26 04:43:17"
226,Pinwheel,1,"2020-07-26 04:43:17","2020-07-26 04:43:17"
227,Cake,1,"2020-07-26 04:43:17","2020-07-26 04:43:17"
228,Battery,1,"2020-07-26 04:43:17","2020-07-26 04:43:17"
229,Mailman,1,"2020-07-26 04:43:17","2020-07-26 04:43:17"
230,Cowboy,1,"2020-07-26 04:43:17","2020-07-26 04:43:17"
231,Password,1,"2020-07-26 04:43:17","2020-07-26 04:43:17"
232,Teacher,1,"2020-07-26 04:43:17","2020-07-26 04:43:17"
233,Batman,1,"2020-07-26 04:43:17","2020-07-26 04:43:17"
234,Spongebob,1,"2020-07-26 04:43:17","2020-07-26 04:43:17"
235,Zendaya,1,"2020-07-26 04:43:17","2020-07-26 04:43:17"
236,Superman,1,"2020-07-26 04:43:17","2020-07-26 04:43:17"
237,Nemo,1,"2020-07-26 04:43:17","2020-07-26 04:43:17"
238,Incredible,1,"2020-07-26 04:43:17","2020-07-26 04:43:17"
239,Spiderman,1,"2020-07-26 04:43:17","2020-07-26 04:43:17"
240,Vampire,1,"2020-07-26 04:43:17","2020-07-26 04:43:17"
241,Highchair,1,"2020-07-26 04:43:17","2020-07-26 04:43:17"
242,"Rock band",1,"2020-07-26 04:43:17","2020-07-26 04:43:17"
243,Sasquatch,1,"2020-07-26 04:43:17","2020-07-26 04:43:17"
244,"Black hole",1,"2020-07-26 04:43:17","2020-07-26 04:43:17"
245,Hotel,1,"2020-07-26 04:43:17","2020-07-26 04:43:17"
246,Blizzard,1,"2020-07-26 04:43:17","2020-07-26 04:43:17"
247,"Jump rope",1,"2020-07-26 04:43:17","2020-07-26 04:43:17"
248,"Seat belt",1,"2020-07-26 04:43:17","2020-07-26 04:43:17"
249,Burrito,1,"2020-07-26 04:43:17","2020-07-26 04:43:17"
250,Koala,1,"2020-07-26 04:43:17","2020-07-26 04:43:17"
251,Captain,1,"2020-07-26 04:43:17","2020-07-26 04:43:17"
252,Leprechaun,1,"2020-07-26 04:43:17","2020-07-26 04:43:17"
253,"Solar eclipse",1,"2020-07-26 04:43:17","2020-07-26 04:43:17"
254,Chandelier,1,"2020-07-26 04:43:17","2020-07-26 04:43:17"
255,Light,1,"2020-07-26 04:43:17","2020-07-26 04:43:17"
256,Space,1,"2020-07-26 04:43:17","2020-07-26 04:43:17"
257,Mask,1,"2020-07-26 04:43:17","2020-07-26 04:43:17"
258,Stethoscope,1,"2020-07-26 04:43:17","2020-07-26 04:43:17"
259,"Cruise ship",1,"2020-07-26 04:43:17","2020-07-26 04:43:17"
260,Carry,1,"2020-07-26 04:43:17","2020-07-26 04:43:17"
261,Run,1,"2020-07-26 04:43:17","2020-07-26 04:43:17"
262,Jump,1,"2020-07-26 04:43:17","2020-07-26 04:43:17"
263,Swim,1,"2020-07-26 04:43:17","2020-07-26 04:43:17"
264,Fly,1,"2020-07-26 04:43:17","2020-07-26 04:43:17"
265,Row,1,"2020-07-26 04:43:17","2020-07-26 04:43:17"
266,Catch,1,"2020-07-26 04:43:17","2020-07-26 04:43:17"
267,Watch,1,"2020-07-26 04:43:17","2020-07-26 04:43:17"
268,Learn,1,"2020-07-26 04:43:17","2020-07-26 04:43:17"
269,Love,1,"2020-07-26 04:43:17","2020-07-26 04:43:17"
270,Drink,1,"2020-07-26 04:43:17","2020-07-26 04:43:17"
271,Burp,1,"2020-07-26 04:43:17","2020-07-26 04:43:17"
272,Eat,1,"2020-07-26 04:43:17","2020-07-26 04:43:17"
273,Read,1,"2020-07-26 04:43:17","2020-07-26 04:43:17"
274,Type,1,"2020-07-26 04:43:17","2020-07-26 04:43:17"
275,Download,1,"2020-07-26 04:43:17","2020-07-26 04:43:17"
276,Call,1,"2020-07-26 04:43:17","2020-07-26 04:43:17"
277,Snap,1,"2020-07-26 04:43:17","2020-07-26 04:43:17"
278,Text,1,"2020-07-26 04:43:17","2020-07-26 04:43:17"
279,Pose,1,"2020-07-26 04:43:17","2020-07-26 04:43:17"
280,Shout,1,"2020-07-26 04:43:17","2020-07-26 04:43:17"
281,Sleep,1,"2020-07-26 04:43:17","2020-07-26 04:43:17"
282,Scratch,1,"2020-07-26 04:43:17","2020-07-26 04:43:17"
283,Hug,1,"2020-07-26 04:43:17","2020-07-26 04:43:17"
284,Cut,1,"2020-07-26 04:43:17","2020-07-26 04:43:17"
285,Bang,1,"2020-07-26 04:43:17","2020-07-26 04:43:17"
286,Spit,1,"2020-07-26 04:43:17","2020-07-26 04:43:17"
287,Tie,1,"2020-07-26 04:43:17","2020-07-26 04:43:17"
288,Open,1,"2020-07-26 04:43:17","2020-07-26 04:43:17"
289,Listen,1,"2020-07-26 04:43:17","2020-07-26 04:43:17"
290,Write,1,"2020-07-26 04:43:17","2020-07-26 04:43:17"
291,Sing,1,"2020-07-26 04:43:17","2020-07-26 04:43:17"
292,Pray,1,"2020-07-26 04:43:17","2020-07-26 04:43:17"
293,Close,1,"2020-07-26 04:43:17","2020-07-26 04:43:17"
294,Dance,1,"2020-07-26 04:43:17","2020-07-26 04:43:17"
295,Dispatch,1,"2020-07-26 04:43:17","2020-07-26 04:43:17"
296,Trade,1,"2020-07-26 04:43:17","2020-07-26 04:43:17"
297,Drive,1,"2020-07-26 04:43:17","2020-07-26 04:43:17"
298,Unite,1,"2020-07-26 04:43:17","2020-07-26 04:43:17"
299,Multiply,1,"2020-07-26 04:43:17","2020-07-26 04:43:17"
300,Cook,1,"2020-07-26 04:43:17","2020-07-26 04:43:17"
301,Unplug,1,"2020-07-26 04:43:17","2020-07-26 04:43:17"
302,Purchase,1,"2020-07-26 04:43:17","2020-07-26 04:43:17"
303,Mechanic,1,"2020-07-26 04:43:17","2020-07-26 04:43:17"
304,Stork,1,"2020-07-26 04:43:17","2020-07-26 04:43:17"
305,Mom,1,"2020-07-26 04:43:17","2020-07-26 04:43:17"
306,Sunburn,1,"2020-07-26 04:43:17","2020-07-26 04:43:17"
307,Deodorant,1,"2020-07-26 04:43:17","2020-07-26 04:43:17"
308,Thread,1,"2020-07-26 04:43:17","2020-07-26 04:43:17"
309,Facebook,1,"2020-07-26 04:43:17","2020-07-26 04:43:17"
310,Pantyhose,1,"2020-07-26 04:43:17","2020-07-26 04:43:17"
311,Tourist,1,"2020-07-26 04:43:17","2020-07-26 04:43:17"
312,Flat,1,"2020-07-26 04:43:17","2020-07-26 04:43:17"
313,Frame,1,"2020-07-26 04:43:17","2020-07-26 04:43:17"
314,Photo,1,"2020-07-26 04:43:17","2020-07-26 04:43:17"
315,WIFI,1,"2020-07-26 04:43:17","2020-07-26 04:43:17"
316,moon,1,"2020-07-26 04:43:17","2020-07-26 04:43:17"
317,Pilgram,1,"2020-07-26 04:43:17","2020-07-26 04:43:17"
318,Zombie,1,"2020-07-26 04:43:17","2020-07-26 04:43:17"
319,Game,1,"2020-07-26 04:43:17","2020-07-26 04:43:17"
320,business,1,"2020-07-26 04:43:17","2020-07-26 04:43:17"
321,cabin,1,"2020-07-26 04:43:17","2020-07-26 04:43:17"
322,cardboard,1,"2020-07-26 04:43:17","2020-07-26 04:43:17"
323,carpenter,1,"2020-07-26 04:43:17","2020-07-26 04:43:17"
324,carrot,1,"2020-07-26 04:43:17","2020-07-26 04:43:17"
325,catalog,1,"2020-07-26 04:43:17","2020-07-26 04:43:17"
326,ceiling,1,"2020-07-26 04:43:17","2020-07-26 04:43:17"
327,channel,1,"2020-07-26 04:43:17","2020-07-26 04:43:17"
328,charger,1,"2020-07-26 04:43:17","2020-07-26 04:43:17"
329,cheerleader,1,"2020-07-26 04:43:17","2020-07-26 04:43:17"
330,chef,1,"2020-07-26 04:43:17","2020-07-26 04:43:17"
331,chestnut,1,"2020-07-26 04:43:17","2020-07-26 04:43:17"
332,cliff,1,"2020-07-26 04:43:17","2020-07-26 04:43:17"
333,cloak,1,"2020-07-26 04:43:17","2020-07-26 04:43:17"
334,clog,1,"2020-07-26 04:43:17","2020-07-26 04:43:17"
335,coach,1,"2020-07-26 04:43:17","2020-07-26 04:43:17"
336,comedian,1,"2020-07-26 04:43:17","2020-07-26 04:43:17"
337,commercial,1,"2020-07-26 04:43:17","2020-07-26 04:43:17"
338,monitor,1,"2020-07-26 04:43:17","2020-07-26 04:43:17"
339,conversation,1,"2020-07-26 04:43:17","2020-07-26 04:43:17"
340,convertible,1,"2020-07-26 04:43:17","2020-07-26 04:43:17"
341,cramp,1,"2020-07-26 04:43:17","2020-07-26 04:43:17"
342,criticize,1,"2020-07-26 04:43:17","2020-07-26 04:43:17"
343,cruise,1,"2020-07-26 04:43:17","2020-07-26 04:43:17"
344,crumbs,1,"2020-07-26 04:43:17","2020-07-26 04:43:17"
345,crust,1,"2020-07-26 04:43:17","2020-07-26 04:43:17"
346,cuff,1,"2020-07-26 04:43:17","2020-07-26 04:43:17"
347,cupcake,1,"2020-07-26 04:43:17","2020-07-26 04:43:17"
348,darkness,1,"2020-07-26 04:43:17","2020-07-26 04:43:17"
349,darts,1,"2020-07-26 04:43:17","2020-07-26 04:43:17"
350,dashboard,1,"2020-07-26 04:43:17","2020-07-26 04:43:17"
351,Bicycle,1,"2020-07-26 04:43:17","2020-07-26 04:43:17"
352,Skate,1,"2020-07-26 04:43:17","2020-07-26 04:43:17"
353,Electricity,1,"2020-07-26 04:43:17","2020-07-26 04:43:17"
354,Thief,1,"2020-07-26 04:43:17","2020-07-26 04:43:17"
355,Teapot,1,"2020-07-26 04:43:17","2020-07-26 04:43:17"
356,Deep,1,"2020-07-26 04:43:17","2020-07-26 04:43:17"
357,Spring,1,"2020-07-26 04:43:17","2020-07-26 04:43:17"
358,Nature,1,"2020-07-26 04:43:17","2020-07-26 04:43:17"
359,Shallow,1,"2020-07-26 04:43:17","2020-07-26 04:43:17"
360,Outside,1,"2020-07-26 04:43:17","2020-07-26 04:43:17"
361,America,1,"2020-07-26 04:43:17","2020-07-26 04:43:17"
362,"Bow tie",1,"2020-07-26 04:43:17","2020-07-26 04:43:17"
363,Wax,1,"2020-07-26 04:43:17","2020-07-26 04:43:17"
364,"Light bulb",1,"2020-07-26 04:43:17","2020-07-26 04:43:17"
365,Popsicle,1,"2020-07-26 04:43:17","2020-07-26 04:43:17"
366,"Birthday cake",1,"2020-07-26 04:43:17","2020-07-26 04:43:17"
367,Knee,1,"2020-07-26 04:43:17","2020-07-26 04:43:17"
368,Pineapple,1,"2020-07-26 04:43:17","2020-07-26 04:43:17"
369,Tusk,1,"2020-07-26 04:43:17","2020-07-26 04:43:17"
370,Money,1,"2020-07-26 04:43:17","2020-07-26 04:43:17"
371,Pool,1,"2020-07-26 04:43:17","2020-07-26 04:43:17"
372,Lighthouse,1,"2020-07-26 04:43:17","2020-07-26 04:43:17"
373,Doormat,1,"2020-07-26 04:43:17","2020-07-26 04:43:17"
374,Face,1,"2020-07-26 04:43:17","2020-07-26 04:43:17"
375,Flute,1,"2020-07-26 04:43:17","2020-07-26 04:43:17"
376,Rug,1,"2020-07-26 04:43:17","2020-07-26 04:43:17"
377,Purse,1,"2020-07-26 04:43:17","2020-07-26 04:43:17"
378,eyeball,1,"2020-07-26 04:43:17","2020-07-26 04:43:17"
379,cobweb,1,"2020-07-26 04:43:17","2020-07-26 04:43:17"
380,skull,1,"2020-07-26 04:43:17","2020-07-26 04:43:17"
381,spider,1,"2020-07-26 04:43:17","2020-07-26 04:43:17"
382,bat,1,"2020-07-26 04:43:17","2020-07-26 04:43:17"
383,alien,1,"2020-07-26 04:43:17","2020-07-26 04:43:17"
384,witch,1,"2020-07-26 04:43:17","2020-07-26 04:43:17"
385,fangs,1,"2020-07-26 04:43:17","2020-07-26 04:43:17"
386,frankenstein,1,"2020-07-26 04:43:17","2020-07-26 04:43:17"
387,scarecrow,1,"2020-07-26 04:43:17","2020-07-26 04:43:17"
388,manatee,1,"2020-07-26 04:43:17","2020-07-26 04:43:17"
